article_index,baseline_rouge1,baseline_rouge2,baseline_rougeL,gpt2_rouge1,gpt2_rouge2,gpt2_rougeL
1,0.21148036253776437,0.0851063829787234,0.13293051359516617,0.171875,0.0196078431372549,0.09765624999999999
2,0.3319148936170213,0.12017167381974249,0.19574468085106383,0.24043715846994534,0.038461538461538464,0.15300546448087432
3,0.08888888888888889,0.0,0.044444444444444446,0.17105263157894737,0.0,0.09210526315789473
4,0.18181818181818182,0.025,0.09917355371900827,0.16777041942604856,0.022172949002217293,0.10596026490066224
5,0.2787456445993031,0.09824561403508772,0.17421602787456447,0.25934065934065936,0.04856512141280354,0.14945054945054945
6,0.3137254901960785,0.10891089108910892,0.2647058823529411,0.06779661016949153,0.0,0.05084745762711864
7,0.16184971098265896,0.07017543859649124,0.12716763005780346,0.125,0.013986013986013986,0.08333333333333333
8,0.1910112359550562,0.062146892655367235,0.08988764044943819,0.23478260869565218,0.026200873362445413,0.11304347826086956
9,0.25471698113207547,0.028571428571428567,0.1509433962264151,0.19444444444444442,0.027932960893854747,0.13333333333333336
10,0.24074074074074073,0.08695652173913043,0.11728395061728396,0.13709677419354838,0.024390243902439025,0.10483870967741937
11,0.09696969696969696,0.0,0.05454545454545454,0.28936170212765955,0.03418803418803419,0.15319148936170213
12,0.2811244979919679,0.11336032388663968,0.2248995983935743,0.16091954022988506,0.023255813953488372,0.1149425287356322
13,0.24892703862660942,0.12987012987012986,0.20600858369098712,0.2111801242236025,0.03125,0.12422360248447206
14,0.1146131805157593,0.0345821325648415,0.06876790830945559,0.2671480144404332,0.02898550724637681,0.15162454873646208
15,0.3529411764705882,0.15810276679841898,0.2588235294117647,0.07462686567164178,0.01515151515151515,0.07462686567164178
16,0.1586206896551724,0.05555555555555555,0.13103448275862067,0.208955223880597,0.006006006006006006,0.11343283582089554
17,0.25157232704402516,0.05063291139240507,0.11949685534591194,0.24161073825503354,0.03595505617977528,0.11185682326621924
18,0.09677419354838711,0.006493506493506493,0.05161290322580645,0.2610364683301344,0.02697495183044316,0.10748560460652593
19,0.20087336244541484,0.06167400881057269,0.13100436681222705,0.20749279538904902,0.02318840579710145,0.11527377521613831
20,0.12811387900355872,0.02150537634408602,0.06405693950177936,0.2264957264957265,0.025751072961373394,0.1282051282051282
21,0.11869436201780417,0.011940298507462687,0.0712166172106825,0.2145748987854251,0.008130081300813007,0.10526315789473685
22,0.18579234972677594,0.054945054945054944,0.0983606557377049,0.13020833333333334,0.005235602094240837,0.08854166666666667
23,0.19318181818181818,0.05747126436781609,0.13636363636363635,0.13523131672597866,0.028673835125448032,0.099644128113879
24,0.23036649214659682,0.047368421052631574,0.12041884816753927,0.21824686940966012,0.02513464991023339,0.1037567084078712
25,0.11864406779661017,0.028409090909090905,0.08474576271186442,0.2517985611510791,0.032490974729241874,0.14388489208633093
26,0.22368421052631576,0.03973509933774835,0.11184210526315788,0.17840375586854462,0.028301886792452827,0.10328638497652583
27,0.20192307692307696,0.06796116504854369,0.15384615384615385,0.17714285714285716,0.005747126436781609,0.09714285714285714
28,0.2612244897959184,0.11522633744855966,0.1142857142857143,0.22842639593908626,0.015306122448979591,0.1269035532994924
29,0.1672025723472669,0.02588996763754045,0.0707395498392283,0.1772853185595568,0.005571030640668523,0.0886426592797784
30,0.17647058823529413,0.019736842105263157,0.0784313725490196,0.15999999999999998,0.0,0.09684210526315788
31,0.224,0.03225806451612904,0.10400000000000001,0.21192052980132448,0.03104212860310421,0.11920529801324503
32,0.2888888888888889,0.1044776119402985,0.17777777777777778,0.21176470588235294,0.009456264775413711,0.12705882352941178
33,0.17391304347826086,0.046647230320699715,0.09855072463768115,0.026086956521739132,0.0,0.026086956521739132
34,0.15428571428571428,0.011494252873563218,0.06857142857142859,0.23928571428571427,0.01075268817204301,0.12142857142857143
35,0.17333333333333334,0.040268456375838924,0.13333333333333333,0.1900647948164147,0.004338394793926247,0.1036717062634989
36,0.14207650273224043,0.05524861878453039,0.12021857923497269,0.1372549019607843,0.0,0.09803921568627451
37,0.10894941634241247,0.03137254901960784,0.08560311284046693,0.1721311475409836,0.016528925619834715,0.11475409836065574
38,0.24390243902439027,0.07975460122699386,0.12195121951219513,0.2612419700214133,0.03440860215053764,0.1284796573875803
39,0.16759776536312848,0.02808988764044944,0.0782122905027933,0.18493150684931506,0.027586206896551724,0.13013698630136983
40,0.22580645161290325,0.04878048780487806,0.11290322580645162,0.2424242424242424,0.04215456674473068,0.15850815850815853
41,0.15254237288135591,0.0,0.07909604519774012,0.2141623488773748,0.01386481802426343,0.1070811744386874
42,0.23684210526315794,0.058201058201058205,0.1473684210526316,0.21089630931458697,0.017636684303350973,0.10896309314586994
43,0.22950819672131148,0.08241758241758242,0.12568306010928962,0.2545454545454546,0.029197080291970802,0.12363636363636366
44,0.6797385620915033,0.40131578947368424,0.6339869281045752,0.23408624229979466,0.020618556701030927,0.12731006160164274
45,0.14251781472684086,0.03818615751789976,0.08076009501187649,0.15706806282722516,0.010526315789473684,0.10471204188481675
46,0.11538461538461538,0.01657458563535912,0.049450549450549455,0.20996441281138792,0.0035714285714285718,0.11387900355871887
47,0.1794871794871795,0.04516129032258065,0.1217948717948718,0.2006079027355623,0.0,0.1033434650455927
48,0.293040293040293,0.0885608856088561,0.18315018315018317,0.0704225352112676,0.014285714285714287,0.056338028169014086
49,0.13186813186813184,0.0,0.06593406593406592,0.27450980392156865,0.026490066225165563,0.1568627450980392
50,0.3093525179856115,0.13768115942028986,0.2733812949640288,0.17993079584775085,0.013937282229965155,0.08996539792387542
51,0.3876651982378855,0.14222222222222222,0.2907488986784141,0.17543859649122806,0.011834319526627219,0.10526315789473684
52,0.19310344827586207,0.05555555555555555,0.09655172413793103,0.23582766439909297,0.009111617312072893,0.10430839002267572
53,0.2162162162162162,0.06802721088435373,0.12837837837837837,0.178343949044586,0.0,0.1019108280254777
54,0.12676056338028172,0.0070921985815602835,0.05633802816901408,0.23194748358862144,0.030769230769230767,0.1050328227571116
55,0.06504065040650406,0.01639344262295082,0.024390243902439025,0.22568093385214008,0.03137254901960784,0.14007782101167313
56,0.29283489096573206,0.08777429467084638,0.20560747663551404,0.21721311475409838,0.012345679012345678,0.10655737704918035
57,0.10227272727272728,0.034482758620689655,0.07954545454545454,0.17600000000000002,0.0,0.08000000000000002
58,0.21409921671018275,0.05774278215223096,0.1514360313315927,0.20180180180180177,0.0108499095840868,0.10090090090090088
59,0.21904761904761905,0.009615384615384616,0.11428571428571428,0.21406727828746178,0.018461538461538463,0.1345565749235474
60,0.22012578616352202,0.07594936708860758,0.1069182389937107,0.16993464052287582,0.021881838074398245,0.09586056644880174
61,0.18543046357615894,0.013333333333333332,0.09271523178807947,0.278372591006424,0.04301075268817204,0.12419700214132762
62,0.19335347432024166,0.0547112462006079,0.07250755287009063,0.2573099415204679,0.035225048923679066,0.1364522417153996
63,0.0896551724137931,0.034722222222222224,0.05517241379310345,0.15902140672782877,0.024615384615384615,0.09785932721712537
64,0.11450381679389313,0.007692307692307692,0.06870229007633587,0.19282511210762332,0.02702702702702702,0.09865470852017938
65,0.23564954682779457,0.060790273556231,0.17522658610271902,0.2495126705653021,0.015655577299412915,0.13255360623781678
66,0.24299065420560745,0.08150470219435738,0.12461059190031153,0.1837160751565762,0.012578616352201257,0.0918580375782881
67,0.37623762376237624,0.18,0.3267326732673267,0.17008797653958943,0.011799410029498527,0.07624633431085043
68,0.10084033613445378,0.011267605633802816,0.05602240896358543,0.17777777777777778,0.0,0.1037037037037037
69,0.043478260869565216,0.0,0.034782608695652174,0.19402985074626863,0.015,0.11442786069651743
70,0.18947368421052632,0.037037037037037035,0.07894736842105263,0.21200000000000002,0.012048192771084338,0.104
71,0.08536585365853658,0.012269938650306747,0.07317073170731707,0.23790322580645162,0.02024291497975709,0.1370967741935484
72,0.20454545454545459,0.04580152671755726,0.1212121212121212,0.18571428571428572,0.009569377990430623,0.09523809523809523
73,0.19999999999999998,0.08620689655172414,0.10285714285714284,0.23076923076923078,0.038610038610038616,0.12692307692307692
74,0.1340782122905028,0.03389830508474577,0.1005586592178771,0.11331444759206799,0.011396011396011397,0.08498583569405099
75,0.364963503649635,0.18382352941176472,0.27737226277372257,0.1567398119122257,0.0,0.09404388714733543
76,0.08583690987124465,0.0,0.05150214592274678,0.17021276595744683,0.004750593824228029,0.08510638297872342
77,0.23631123919308358,0.0463768115942029,0.09798270893371758,0.24324324324324326,0.01937984496124031,0.12355212355212356
78,0.44029850746268656,0.15789473684210525,0.417910447761194,0.21350762527233114,0.0350109409190372,0.09150326797385622
79,0.31481481481481477,0.13084112149532712,0.24074074074074073,0.4069767441860465,0.11764705882352941,0.20930232558139533
80,0.2321899736147757,0.04774535809018567,0.1213720316622691,0.2782931354359926,0.0260707635009311,0.11502782931354359
81,0.2777777777777778,0.09345794392523364,0.2037037037037037,0.2271604938271605,0.034739454094292806,0.10864197530864197
82,0.5365853658536586,0.3251231527093596,0.46829268292682924,0.22500000000000003,0.031446540880503145,0.10625000000000001
83,0.25622775800711745,0.043010752688172046,0.10676156583629894,0.062111801242236024,0.0,0.049689440993788817
84,0.1641025641025641,0.05670103092783506,0.09743589743589744,0.2491349480968858,0.04166666666666667,0.11418685121107267
85,0.19411764705882348,0.04142011834319527,0.11764705882352942,0.125,0.0,0.06874999999999999
86,0.096,0.016129032258064516,0.064,0.22448979591836732,0.015384615384615384,0.11224489795918366
87,0.20338983050847456,0.06837606837606837,0.13559322033898305,0.18528610354223435,0.0273972602739726,0.09264305177111717
88,0.24778761061946905,0.047477744807121657,0.12389380530973453,0.2369942196531792,0.06976744186046512,0.17341040462427745
89,0.1739130434782609,0.03278688524590164,0.09782608695652173,0.25609756097560976,0.008163265306122448,0.11788617886178862
90,0.2785714285714285,0.10071942446043165,0.17857142857142858,0.11857707509881422,0.0,0.07114624505928853
91,0.16119402985074627,0.042042042042042045,0.10149253731343283,0.058823529411764705,0.0,0.050420168067226885
92,0.17098445595854925,0.020833333333333332,0.08290155440414508,0.20284697508896796,0.014285714285714285,0.09608540925266904
93,0.18095238095238098,0.0,0.1238095238095238,0.20512820512820512,0.028653295128939823,0.10256410256410256
94,0.27764705882352936,0.0756501182033097,0.16470588235294117,0.2566666666666667,0.026755852842809364,0.12333333333333334
95,0.14285714285714288,0.021276595744680854,0.0582010582010582,0.3100189035916824,0.03795066413662239,0.15879017013232516
96,0.2738095238095238,0.05988023952095809,0.1488095238095238,0.12195121951219513,0.00819672131147541,0.0975609756097561
97,0.0,0.0,0.0,0.11678832116788321,0.007326007326007326,0.08394160583941605
98,0.33701657458563533,0.12222222222222223,0.2707182320441989,0.12337662337662339,0.0,0.08441558441558442
99,0.10526315789473684,0.01764705882352941,0.07602339181286549,0.24568138195777353,0.034682080924855495,0.1305182341650672
100,0.06698564593301436,0.009661835748792272,0.04784688995215311,0.18750000000000003,0.009661835748792268,0.09134615384615383
101,0.24369747899159666,0.06779661016949153,0.1092436974789916,0.17177914110429446,0.0,0.09202453987730062
102,0.22323462414578585,0.08695652173913042,0.13211845102505695,0.14357262103505844,0.010050251256281407,0.08347245409015025
103,0.2747252747252747,0.12222222222222222,0.23076923076923078,0.18779342723004694,0.047393364928909956,0.13145539906103285
104,0.30303030303030304,0.10204081632653061,0.19191919191919188,0.23529411764705882,0.0,0.10294117647058823
105,0.2076923076923077,0.06201550387596899,0.13846153846153847,0.22797927461139894,0.026041666666666664,0.16580310880829016
106,0.10759493670886076,0.006369426751592356,0.056962025316455694,0.1761904761904762,0.028708133971291867,0.1
107,0.15695067264573992,0.02252252252252252,0.08520179372197309,0.2794348508634223,0.028346456692913382,0.13186813186813184
108,0.29523809523809524,0.11538461538461539,0.2,0.16216216216216214,0.0,0.1081081081081081
109,0.1829652996845426,0.025396825396825393,0.10725552050473186,0.2801120448179272,0.016901408450704227,0.11204481792717087
110,0.2183098591549296,0.056737588652482275,0.10563380281690139,0.23893805309734517,0.031111111111111107,0.1283185840707965
111,0.19178082191780824,0.05509641873278237,0.10410958904109589,0.16666666666666663,0.01675977653631285,0.08333333333333331
112,0.2229299363057325,0.038461538461538464,0.11464968152866241,0.22543352601156072,0.02325581395348837,0.12138728323699421
113,0.17791411042944785,0.024691358024691357,0.0736196319018405,0.22471910112359547,0.011278195488721806,0.11985018726591759
114,0.25855513307984795,0.04597701149425287,0.11406844106463879,0.26229508196721313,0.03305785123966942,0.15573770491803277
115,0.3964757709251101,0.16,0.16740088105726872,0.21529745042492918,0.017094017094017092,0.11898016997167138
116,0.06250000000000001,0.0,0.04166666666666667,0.14970059880239522,0.012048192771084338,0.0838323353293413
117,0.11009174311926606,0.02461538461538462,0.03669724770642202,0.273542600896861,0.03153153153153153,0.13004484304932737
118,0.21705426356589147,0.0546875,0.10852713178294573,0.17508417508417506,0.0,0.11447811447811448
119,0.06489675516224189,0.017804154302670624,0.041297935103244844,0.3153692614770459,0.028056112224448895,0.13972055888223553
120,0.1941747572815534,0.04560260586319218,0.11003236245954692,0.23949579831932774,0.025316455696202528,0.1092436974789916
121,0.24043715846994532,0.13259668508287292,0.20765027322404372,0.1038961038961039,0.0,0.06493506493506493
122,0.1218274111675127,0.03076923076923077,0.08121827411167512,0.16806722689075632,0.00847457627118644,0.10084033613445378
123,0.5217391304347826,0.2868525896414343,0.43478260869565216,0.19285714285714287,0.021582733812949638,0.10714285714285714
124,0.24,0.04040404040404041,0.13,0.1037037037037037,0.0,0.059259259259259255
125,0.07534246575342465,0.034482758620689655,0.06164383561643836,0.2830188679245283,0.02843601895734597,0.12264150943396224
126,0.14285714285714285,0.03333333333333333,0.09890109890109891,0.096,0.0,0.07200000000000001
127,0.14634146341463417,0.049079754601226995,0.07926829268292683,0.1661129568106312,0.006688963210702341,0.08637873754152825
128,0.16666666666666666,0.03225806451612903,0.07692307692307693,0.19381443298969073,0.02070393374741201,0.10721649484536082
129,0.17307692307692307,0.04830917874396135,0.12019230769230771,0.20384615384615384,0.019305019305019305,0.1076923076923077
130,0.2608695652173913,0.12087912087912087,0.1956521739130435,0.2339622641509434,0.06083650190114067,0.13584905660377358
131,0.11299435028248588,0.022727272727272728,0.06214689265536723,0.2615384615384615,0.030888030888030885,0.1346153846153846
132,0.1206896551724138,0.017391304347826087,0.0603448275862069,0.16831683168316833,0.009950248756218905,0.09405940594059405
133,0.2087912087912088,0.06077348066298343,0.14835164835164835,0.16835016835016836,0.027118644067796613,0.09427609427609428
134,0.37237237237237236,0.1148036253776435,0.18618618618618618,0.3164835164835165,0.04415011037527594,0.14505494505494507
135,0.20800000000000002,0.06451612903225805,0.10400000000000001,0.05460750853242321,0.020618556701030927,0.05460750853242321
136,0.19886363636363638,0.06857142857142857,0.125,0.26804123711340205,0.04968944099378882,0.15257731958762885
137,0.22837370242214533,0.0627177700348432,0.1314878892733564,0.19148936170212766,0.017094017094017096,0.08936170212765958
138,0.22939068100358426,0.014440433212996389,0.07885304659498207,0.30894308943089427,0.043596730245231606,0.16260162601626016
139,0.1904761904761905,0.038461538461538464,0.15238095238095237,0.12941176470588237,0.01775147928994083,0.07647058823529412
140,0.2589928057553956,0.10869565217391304,0.1366906474820144,0.26086956521739135,0.03278688524590164,0.13586956521739132
141,0.2465753424657534,0.06611570247933884,0.136986301369863,0.17241379310344826,0.028901734104046246,0.11494252873563218
142,0.226537216828479,0.03257328990228013,0.1035598705501618,0.08733624454148471,0.0,0.0611353711790393
143,0.24221453287197234,0.027874564459930314,0.08304498269896193,0.26932668329177056,0.03508771929824562,0.1396508728179551
144,0.3532219570405728,0.11990407673860909,0.20047732696897377,0.32467532467532473,0.03908794788273615,0.13961038961038957
145,0.08510638297872339,0.017167381974248927,0.05106382978723404,0.16296296296296295,0.009925558312655087,0.09382716049382715
146,0.17567567567567566,0.07482993197278912,0.15540540540540543,0.13071895424836602,0.0,0.08278867102396514
147,0.17948717948717952,0.043103448275862065,0.11111111111111112,0.2832618025751073,0.03463203463203463,0.14592274678111586
148,0.13538461538461538,0.01238390092879257,0.08615384615384616,0.12156862745098038,0.0,0.0823529411764706
149,0.17563739376770537,0.017094017094017092,0.0793201133144476,0.21782178217821782,0.031809145129224656,0.12277227722772278
150,0.2037037037037037,0.028037383177570093,0.0925925925925926,0.18726591760299624,0.03018867924528302,0.10486891385767791
151,0.11194029850746269,0.0,0.05970149253731344,0.16452442159383032,0.015503875968992248,0.08740359897172237
152,0.21904761904761905,0.04807692307692307,0.10476190476190476,0.13675213675213677,0.0057306590257879654,0.08547008547008546
153,0.14364640883977903,0.02777777777777778,0.08839779005524862,0.1941747572815534,0.0,0.10097087378640777
154,0.14164305949008502,0.011396011396011395,0.06798866855524079,0.04580152671755725,0.0,0.03816793893129771
155,0.2967741935483871,0.08441558441558442,0.15483870967741936,0.26258205689277897,0.013186813186813187,0.10940919037199125
156,0.24324324324324323,0.07608695652173912,0.15135135135135136,0.25130890052356025,0.014010507880910683,0.12216404886561953
157,0.22222222222222224,0.03550295857988166,0.10526315789473682,0.1889763779527559,0.015873015873015872,0.12598425196850394
158,0.18775510204081633,0.02469135802469136,0.11428571428571428,0.2541176470588235,0.037825059101654845,0.12705882352941175
159,0.059113300492610835,0.0,0.03940886699507389,0.17064846416382254,0.01374570446735395,0.10238907849829354
160,0.17534246575342466,0.03856749311294766,0.09315068493150684,0.31675874769797424,0.04066543438077635,0.14732965009208104
161,0.21839080459770113,0.09302325581395349,0.17241379310344826,0.12244897959183673,0.0136986301369863,0.06802721088435375
162,0.08264462809917356,0.016666666666666666,0.06611570247933884,0.19451371571072318,0.010025062656641605,0.1197007481296758
163,0.3116883116883117,0.16993464052287582,0.1818181818181818,0.2696629213483146,0.04514672686230248,0.1348314606741573
164,0.13658536585365855,0.04926108374384236,0.06829268292682927,0.09999999999999999,0.005917159763313609,0.058823529411764705
165,0.2867383512544802,0.10830324909747292,0.18637992831541217,0.20674157303370788,0.013544018058690745,0.10337078651685394
166,0.24390243902439024,0.10837438423645322,0.16585365853658535,0.1977401129943503,0.05113636363636363,0.12429378531073447
167,0.28834355828220865,0.05555555555555555,0.17177914110429446,0.23611111111111108,0.02797202797202797,0.13194444444444445
168,0.10031347962382445,0.012618296529968454,0.06269592476489029,0.1943844492440605,0.0,0.11663066954643629
169,0.1276595744680851,0.024464831804281346,0.0851063829787234,0.30841121495327106,0.04694835680751174,0.14485981308411214
170,0.22976501305483024,0.05249343832020997,0.1409921671018277,0.23913043478260873,0.013100436681222707,0.12173913043478261
171,0.1509433962264151,0.02857142857142857,0.0849056603773585,0.27586206896551724,0.03488372093023256,0.19540229885057472
172,0.14285714285714285,0.04444444444444444,0.0879120879120879,0.07741935483870968,0.0,0.05161290322580645
173,0.27586206896551724,0.11356466876971608,0.21943573667711602,0.21006564551422321,0.02197802197802198,0.08315098468271336
174,0.5909090909090909,0.366412213740458,0.5909090909090909,0.18072289156626503,0.024242424242424242,0.0963855421686747
175,0.31197771587743733,0.08963585434173671,0.12813370473537603,0.1923076923076923,0.012903225806451615,0.10256410256410256
176,0.1605351170568562,0.03367003367003367,0.09364548494983278,0.21971830985915497,0.011331444759206798,0.12394366197183099
177,0.015544041450777204,0.0,0.015544041450777204,0.08527131782945736,0.003891050583657587,0.050387596899224806
178,0.14177215189873416,0.03053435114503817,0.08607594936708861,0.2746615087040619,0.027184466019417472,0.13152804642166344
179,0.16027874564459932,0.028070175438596492,0.09756097560975609,0.1694915254237288,0.006825938566552901,0.10847457627118644
180,0.19801980198019803,0.06999999999999999,0.1881188118811881,0.21111111111111108,0.05027932960893854,0.11666666666666667
181,0.12682926829268293,0.014705882352941178,0.05365853658536585,0.10483870967741936,0.012145748987854251,0.05645161290322581
182,0.26366559485530544,0.058252427184466014,0.1157556270096463,0.18454935622317598,0.0,0.09012875536480688
183,0.17647058823529413,0.03763440860215054,0.09625668449197862,0.15472779369627504,0.011527377521613834,0.10315186246418337
184,0.093841642228739,0.011799410029498525,0.0469208211143695,0.19723865877712035,0.011881188118811881,0.1222879684418146
185,0.11538461538461538,0.012903225806451613,0.05128205128205127,0.0,0.0,0.0
186,0.297029702970297,0.0874751491053678,0.1306930693069307,0.23233908948194662,0.015748031496062992,0.1130298273155416
187,0.22826086956521738,0.054644808743169404,0.10326086956521739,0.27952755905511806,0.019762845849802372,0.1141732283464567
188,0.1198501872659176,0.030188679245283023,0.06741573033707865,0.15538847117794488,0.0,0.11528822055137844
189,0.182741116751269,0.05612244897959184,0.11167512690355329,0.2304147465437788,0.027777777777777776,0.14285714285714285
190,0.20327868852459016,0.052805280528052806,0.07868852459016393,0.24497991967871485,0.03629032258064516,0.13253012048192772
191,0.25742574257425743,0.09,0.15841584158415842,0.10909090909090909,0.0,0.07878787878787878
192,0.0857142857142857,0.009615384615384614,0.0761904761904762,0.15772870662460567,0.025396825396825393,0.08832807570977917
193,0.1881533101045296,0.03508771929824561,0.11149825783972125,0.14285714285714288,0.0,0.06926406926406926
194,0.15000000000000002,0.0,0.09166666666666667,0.24324324324324326,0.03636363636363637,0.14414414414414414
195,0.14792899408284024,0.017857142857142856,0.08284023668639054,0.14965986394557823,0.0410958904109589,0.10884353741496597
196,0.22485207100591711,0.08383233532934131,0.21301775147928995,0.12639405204460966,0.02247191011235955,0.08178438661710036
197,0.23529411764705882,0.05070422535211268,0.10644257703081234,0.12605042016806725,0.012658227848101266,0.07142857142857142
198,0.13617021276595745,0.034334763948497854,0.07659574468085106,0.15827338129496402,0.009638554216867469,0.11031175059952038
199,0.25,0.11304347826086956,0.1724137931034483,0.25133689839572193,0.021505376344086023,0.12834224598930483
200,0.411764705882353,0.20430107526881722,0.24598930481283424,0.05017921146953406,0.0,0.04301075268817204
201,0.14465408805031446,0.03164556962025317,0.08176100628930819,0.24561403508771926,0.01762114537444934,0.11842105263157895
202,0.4134615384615385,0.21359223300970878,0.2692307692307693,0.23140495867768593,0.06722689075630252,0.13223140495867766
203,0.29891304347826086,0.10382513661202185,0.20108695652173914,0.38502673796791437,0.08228980322003578,0.1532976827094474
204,0.08144796380090498,0.009090909090909092,0.04072398190045249,0.23042836041358938,0.02074074074074074,0.13884785819793205
205,0.0844155844155844,0.013071895424836602,0.045454545454545456,0.272552783109405,0.01926782273603083,0.12284069097888675
206,0.2605633802816901,0.049645390070921995,0.11971830985915494,0.19047619047619047,0.018223234624145785,0.09523809523809523
207,0.22826086956521738,0.060109289617486336,0.15760869565217392,0.28025477707006374,0.04264392324093816,0.15711252653927812
208,0.14743589743589744,0.01935483870967742,0.0705128205128205,0.282560706401766,0.017738359201773836,0.16335540838852095
209,0.1271186440677966,0.03418803418803419,0.06779661016949154,0.1464788732394366,0.0113314447592068,0.09577464788732394
210,0.13504823151125403,0.045307443365695796,0.10932475884244372,0.0905349794238683,0.016597510373443983,0.07407407407407407
211,0.16974169741697417,0.029739776951672865,0.0959409594095941,0.1764705882352941,0.0,0.10084033613445378
212,0.12318840579710146,0.021897810218978103,0.07246376811594205,0.18907563025210083,0.02531645569620253,0.09243697478991596
213,0.13414634146341464,0.018404907975460124,0.04268292682926829,0.29880478087649404,0.015999999999999997,0.1394422310756972
214,0.14790996784565916,0.038834951456310676,0.07717041800643086,0.2851485148514851,0.04771371769383697,0.13465346534653463
215,0.21621621621621623,0.05447470817120622,0.13899613899613902,0.14385150812064965,0.018648018648018648,0.07888631090487239
216,0.14501510574018128,0.0364741641337386,0.048338368580060416,0.27111984282907664,0.03550295857988166,0.12966601178781925
217,0.1758241758241758,0.05166051660516605,0.1098901098901099,0.24215246636771304,0.04054054054054054,0.13452914798206278
218,0.41520467836257313,0.18823529411764703,0.3859649122807018,0.22675736961451248,0.05011389521640091,0.14058956916099774
219,0.1863013698630137,0.03856749311294765,0.09315068493150686,0.12286689419795221,0.020618556701030927,0.06825938566552901
220,0.11450381679389314,0.007692307692307692,0.061068702290076333,0.17757009345794392,0.0,0.07476635514018691
221,0.3883495145631068,0.1824104234527687,0.2524271844660194,0.305439330543933,0.07983193277310924,0.15062761506276148
222,0.22614840989399293,0.04270462633451957,0.127208480565371,0.1773399014778325,0.0,0.10344827586206896
223,0.17956656346749225,0.037383177570093455,0.0743034055727554,0.19607843137254904,0.023715415019762844,0.11764705882352941
224,0.24475524475524474,0.07746478873239437,0.17482517482517484,0.03508771929824561,0.0,0.03508771929824561
225,0.20261437908496735,0.032894736842105254,0.0784313725490196,0.19805825242718442,0.011695906432748537,0.11650485436893203
226,0.24806201550387597,0.09375000000000001,0.11627906976744186,0.1902173913043478,0.032786885245901634,0.12499999999999997
227,0.2737642585551331,0.11494252873563218,0.1673003802281369,0.2396694214876033,0.04166666666666667,0.1239669421487603
228,0.31939163498098855,0.17624521072796934,0.27376425855513303,0.24336283185840707,0.03111111111111111,0.14601769911504425
229,0.23564954682779454,0.0364741641337386,0.09667673716012085,0.23333333333333336,0.012552301255230125,0.12083333333333332
230,0.13991769547325106,0.03319502074688797,0.09053497942386832,0.2773333333333333,0.04289544235924933,0.14933333333333332
231,0.2037533512064343,0.059299191374663066,0.128686327077748,0.203125,0.00392156862745098,0.109375
232,0.36548223350253806,0.1641025641025641,0.19289340101522842,0.10169491525423728,0.011428571428571429,0.06779661016949154
233,0.3106796116504854,0.09771986970684039,0.14886731391585759,0.2666666666666667,0.027713625866050806,0.12873563218390804
234,0.1660079051383399,0.07171314741035856,0.11857707509881422,0.18497109826589594,0.0,0.08092485549132948
235,0.303951367781155,0.04281345565749235,0.10942249240121579,0.24836601307189543,0.02188183807439825,0.11328976034858387
236,0.1638418079096045,0.028409090909090908,0.10169491525423728,0.17191977077363896,0.02881844380403458,0.09169054441260746
237,0.2547169811320754,0.08530805687203791,0.09905660377358491,0.18918918918918917,0.027131782945736434,0.10424710424710425
238,0.255,0.045226130653266326,0.12,0.2542056074766355,0.011257035647279548,0.14953271028037382
239,0.18589743589743588,0.03870967741935484,0.08333333333333334,0.2949308755760368,0.041666666666666664,0.1336405529953917
240,0.27751196172248804,0.04830917874396135,0.1722488038277512,0.22222222222222227,0.04750593824228029,0.13711583924349882
241,0.1970149253731343,0.04804804804804805,0.07164179104477611,0.2505307855626327,0.008528784648187633,0.14012738853503184
242,0.32506887052341593,0.1329639889196676,0.1432506887052342,0.24489795918367346,0.037243947858473,0.11131725417439703
243,0.1776061776061776,0.015564202334630352,0.1003861003861004,0.22969187675070027,0.016901408450704224,0.11204481792717087
244,0.31250000000000006,0.11949685534591195,0.21250000000000002,0.09686609686609686,0.022922636103151862,0.07407407407407408
245,0.4780487804878049,0.2660098522167488,0.46829268292682924,0.11506849315068493,0.005509641873278237,0.0821917808219178
246,0.24698795180722888,0.09696969696969696,0.12650602409638553,0.12142857142857144,0.0,0.0857142857142857
247,0.27390180878552967,0.06753246753246753,0.13436692506459946,0.291044776119403,0.0449438202247191,0.1455223880597015
248,0.06923076923076922,0.0,0.046153846153846156,0.2785714285714286,0.0,0.15714285714285714
249,0.17777777777777778,0.10112359550561799,0.1111111111111111,0.056338028169014086,0.0,0.056338028169014086
250,0.20512820512820512,0.10389610389610389,0.1282051282051282,0.12142857142857143,0.0,0.09285714285714286
251,0.19135802469135801,0.012422360248447206,0.08641975308641975,0.21388367729831145,0.011299435028248588,0.10131332082551593
252,0.25136612021857924,0.07142857142857142,0.09836065573770492,0.24411134903640258,0.06021505376344086,0.10706638115631692
253,0.23312883435582823,0.043209876543209874,0.14110429447852763,0.26086956521739135,0.03056768558951965,0.12173913043478261
254,0.2905982905982906,0.1206896551724138,0.19658119658119655,0.2377622377622378,0.0425531914893617,0.16783216783216784
255,0.21578947368421053,0.0582010582010582,0.10526315789473684,0.28901734104046245,0.030947775628626696,0.13102119460500963
256,0.18695652173913044,0.039301310043668124,0.08695652173913043,0.2852941176470588,0.04129793510324483,0.15588235294117647
257,0.10238907849829353,0.013745704467353953,0.0477815699658703,0.2085308056872038,0.014285714285714287,0.12322274881516587
258,0.15915119363395225,0.021333333333333333,0.06896551724137932,0.32124352331606215,0.05199306759098786,0.14507772020725387
259,0.27309236947791166,0.07287449392712551,0.18473895582329317,0.25,0.01935483870967742,0.16025641025641027
260,0.169811320754717,0.03164556962025317,0.09433962264150943,0.18221258134490237,0.008714596949891067,0.09978308026030368
261,0.17600000000000002,0.05898123324396783,0.096,0.15,0.0223463687150838,0.08333333333333333
262,0.15625000000000003,0.05511811023622047,0.09375,0.21325648414985593,0.02318840579710145,0.10951008645533142
263,0.31460674157303375,0.12994350282485875,0.16853932584269665,0.25000000000000006,0.0411522633744856,0.10245901639344263
264,0.26909090909090916,0.08058608058608058,0.16,0.18473895582329317,0.008064516129032258,0.09638554216867469
265,0.1932367149758454,0.058536585365853655,0.1256038647342995,0.15999999999999998,0.01238390092879257,0.0923076923076923
266,0.15807560137457044,0.03460207612456748,0.07560137457044674,0.13385826771653542,0.0,0.09448818897637794
267,0.15447154471544716,0.03278688524590164,0.08943089430894309,0.22169811320754715,0.02843601895734597,0.12264150943396226
268,0.36448598130841126,0.14150943396226415,0.28971962616822433,0.20991253644314864,0.011730205278592377,0.10495626822157432
269,0.16336633663366337,0.029850746268656716,0.07920792079207921,0.04109589041095891,0.00689655172413793,0.027397260273972598
270,0.24649859943977592,0.07323943661971831,0.1400560224089636,0.2204724409448819,0.00790513833992095,0.1062992125984252
271,0.1377049180327869,0.0066006600660066,0.07213114754098361,0.2433628318584071,0.022222222222222223,0.12389380530973454
272,0.27906976744186046,0.1596244131455399,0.21395348837209302,0.20625,0.025157232704402517,0.09999999999999999
273,0.14285714285714285,0.032679738562091505,0.10389610389610389,0.15333333333333332,0.0,0.08666666666666666
274,0.23423423423423423,0.054380664652567974,0.13213213213213212,0.2811881188118812,0.02385685884691849,0.14653465346534653
275,0.14831460674157304,0.02257336343115124,0.06292134831460675,0.19477434679334918,0.014319809069212411,0.10451306413301661
276,0.5995085995085995,0.3555555555555555,0.5995085995085995,0.34347048300536676,0.04308797127468582,0.1323792486583184
277,0.18750000000000003,0.04402515723270441,0.08125,0.2311111111111111,0.026785714285714284,0.11111111111111112
278,0.14457831325301204,0.024242424242424242,0.08433734939759036,0.2217973231357553,0.015355086372360846,0.11089866156787764
279,0.1693121693121693,0.047872340425531915,0.12698412698412698,0.16082474226804125,0.028985507246376812,0.09072164948453608
280,0.17575757575757578,0.03048780487804878,0.09090909090909091,0.1822125813449024,0.013071895424836602,0.0911062906724512
281,0.1610738255033557,0.020270270270270268,0.09395973154362416,0.26905829596412556,0.02702702702702703,0.12107623318385652
282,0.15615615615615616,0.018126888217522657,0.08408408408408408,0.03755868544600939,0.0,0.02816901408450704
283,0.23660714285714285,0.044843049327354265,0.13839285714285712,0.2866141732283464,0.01579778830963665,0.12598425196850394
284,0.15384615384615385,0.022140221402214024,0.09523809523809523,0.19814241486068113,0.024922118380062305,0.11145510835913314
285,0.23571428571428574,0.03597122302158274,0.1357142857142857,0.15023474178403756,0.0047169811320754715,0.07981220657276995
286,0.09248554913294797,0.011695906432748537,0.046242774566473986,0.2456140350877193,0.01785714285714286,0.15789473684210525
287,0.18072289156626506,0.03636363636363637,0.12048192771084339,0.016877637130801686,0.0,0.016877637130801686
288,0.2043795620437956,0.05882352941176471,0.12408759124087591,0.21608040201005024,0.015151515151515152,0.11557788944723618
289,0.13973799126637554,0.01762114537444934,0.08733624454148473,0.20792079207920794,0.009950248756218904,0.0891089108910891
290,0.1867704280155642,0.047058823529411764,0.1245136186770428,0.21158690176322417,0.010126582278481013,0.10075566750629723
291,0.1787709497206704,0.03389830508474576,0.1229050279329609,0.1639344262295082,0.0,0.09836065573770493
292,0.07008086253369274,0.016260162601626015,0.043126684636118594,0.25,0.02952029520295203,0.15441176470588236
293,0.3365384615384615,0.1650485436893204,0.23076923076923075,0.2160278745644599,0.03508771929824561,0.0975609756097561
294,0.08695652173913043,0.0072992700729927005,0.043478260869565216,0.23318385650224216,0.013513513513513513,0.09417040358744395
295,0.32024169184290024,0.13981762917933133,0.16314199395770393,0.04255319148936171,0.0,0.04255319148936171
296,0.25742574257425743,0.06965174129353234,0.11386138613861385,0.26422018348623855,0.04419889502762431,0.12110091743119265
297,0.2214022140221402,0.08178438661710037,0.14760147601476017,0.21749408983451538,0.023752969121140142,0.11347517730496452
298,0.18685121107266436,0.013937282229965157,0.10380622837370242,0.16603773584905662,0.015209125475285171,0.10566037735849057
299,0.41025641025641024,0.16236162361623616,0.3443223443223444,0.2231404958677686,0.008333333333333333,0.1322314049586777
300,0.0893854748603352,0.022598870056497175,0.0782122905027933,0.15789473684210525,0.0,0.07894736842105263
301,0.6819484240687679,0.38616714697406346,0.6819484240687679,0.22653721682847894,0.058631921824104226,0.11003236245954695
302,0.17391304347826086,0.05247813411078717,0.08115942028985507,0.20210526315789473,0.008456659619450317,0.10105263157894737
303,0.09333333333333334,0.006711409395973155,0.05333333333333334,0.21004566210045664,0.009174311926605503,0.1095890410958904
304,0.2407407407407407,0.08074534161490685,0.1728395061728395,0.2797494780793319,0.033542976939203356,0.13778705636743216
305,0.2830188679245283,0.08860759493670885,0.12578616352201258,0.3503649635036496,0.019559902200488994,0.16545012165450124
306,0.18815331010452963,0.021052631578947368,0.08362369337979093,0.21874999999999997,0.031496062992125984,0.125
307,0.2616822429906542,0.07523510971786833,0.13707165109034267,0.12916666666666668,0.0041841004184100415,0.06666666666666668
308,0.40955631399317405,0.21305841924398625,0.3412969283276451,0.23093681917211328,0.0262582056892779,0.13071895424836602
309,0.23346303501945526,0.047058823529411764,0.08560311284046693,0.18764302059496568,0.004597701149425287,0.11441647597254007
310,0.21686746987951808,0.06666666666666667,0.12048192771084337,0.11811023622047244,0.0,0.07086614173228346
311,0.4495412844036697,0.19444444444444442,0.40366972477064217,0.28030303030303033,0.022900763358778622,0.15151515151515152
312,0.3017241379310345,0.10434782608695652,0.1206896551724138,0.20105820105820105,0.0320855614973262,0.08465608465608465
313,0.17989417989417988,0.0213903743315508,0.13756613756613756,0.1764705882352941,0.0,0.07352941176470587
314,0.25641025641025644,0.10362694300518135,0.1641025641025641,0.13538461538461538,0.006191950464396284,0.08
315,0.20600858369098712,0.025974025974025976,0.1459227467811159,0.2741116751269035,0.010256410256410256,0.14213197969543148
316,0.10354223433242507,0.010958904109589043,0.05449591280653951,0.2172284644194757,0.015037593984962405,0.10486891385767791
317,0.2222222222222222,0.013986013986013986,0.1111111111111111,0.24550898203592814,0.018072289156626505,0.1317365269461078
318,0.22695035460992907,0.0857142857142857,0.12056737588652482,0.14249363867684478,0.0,0.09669211195928752
319,0.1511879049676026,0.030368763557483733,0.0691144708423326,0.31402439024390244,0.04281345565749235,0.14939024390243902
320,0.13382899628252787,0.03745318352059925,0.08178438661710037,0.2262443438914027,0.013636363636363634,0.10407239819004525
321,0.12213740458015268,0.030690537084398978,0.11195928753180662,0.328719723183391,0.03819444444444445,0.1764705882352941
322,0.43579766536964987,0.23529411764705882,0.29571984435797666,0.2599118942731278,0.08407079646017698,0.15418502202643172
323,0.1755485893416928,0.012618296529968454,0.0877742946708464,0.28308823529411764,0.047970479704797044,0.14338235294117646
324,0.26038781163434904,0.061281337047353765,0.2105263157894737,0.28415300546448086,0.03296703296703297,0.14754098360655737
325,0.09917355371900825,0.0110803324099723,0.04958677685950413,0.07773851590106007,0.021352313167259787,0.04240282685512367
326,0.20289855072463767,0.04878048780487805,0.16425120772946858,0.18289085545722714,0.0,0.10029498525073748
327,0.09302325581395347,0.023529411764705882,0.05813953488372093,0.15555555555555559,0.0,0.1111111111111111
328,0.43046357615894043,0.23333333333333336,0.1986754966887417,0.2275711159737418,0.017582417582417582,0.12253829321663019
329,0.2494623655913978,0.11231101511879052,0.14193548387096772,0.1664050235478807,0.003149606299212598,0.09733124018838304
330,0.18575851393188852,0.006230529595015575,0.0804953560371517,0.3165735567970205,0.029906542056074768,0.1378026070763501
331,0.21757322175732216,0.0590717299578059,0.1422594142259414,0.2289416846652268,0.026030368763557486,0.12958963282937364
332,0.15211267605633805,0.039660056657223795,0.07323943661971832,0.3127413127413127,0.050387596899224806,0.12741312741312744
333,0.12834224598930483,0.02150537634408602,0.0802139037433155,0.27255278310940506,0.030828516377649325,0.15738963531669867
334,0.1894150417827298,0.05602240896358543,0.11142061281337047,0.25700934579439255,0.051643192488262914,0.13084112149532712
335,0.24324324324324326,0.061224489795918366,0.10810810810810811,0.28699551569506726,0.04054054054054054,0.14798206278026907
336,0.3517915309446254,0.11147540983606556,0.2214983713355049,0.14705882352941174,0.017751479289940832,0.07058823529411765
337,0.2620689655172414,0.0625,0.1310344827586207,0.2743142144638404,0.025062656641604012,0.12468827930174563
338,0.1941747572815534,0.05853658536585365,0.10194174757281553,0.20718816067653278,0.042462845010615716,0.12262156448202961
339,0.14603174603174604,0.025559105431309903,0.10158730158730159,0.27886710239651413,0.013129102844638951,0.12636165577342048
340,0.29943502824858753,0.10795454545454546,0.15254237288135594,0.1380952380952381,0.004784688995215311,0.07619047619047618
341,0.16155988857938716,0.03921568627450981,0.09470752089136487,0.08571428571428572,0.0,0.0642857142857143
342,0.23050847457627116,0.054607508532423216,0.10847457627118644,0.0,0.0,0.0
343,0.24347826086956523,0.08771929824561404,0.2173913043478261,0.1939393939393939,0.024390243902439022,0.10303030303030303
344,0.5303030303030304,0.32061068702290074,0.45454545454545453,0.17857142857142858,0.009009009009009009,0.125
345,0.3093333333333333,0.128686327077748,0.24533333333333326,0.3137254901960784,0.02862254025044723,0.1390374331550802
346,0.20392156862745095,0.023715415019762848,0.06274509803921569,0.13215859030837002,0.008849557522123895,0.07929515418502202
347,0.055045871559633024,0.0,0.027522935779816512,0.1691842900302115,0.018237082066869297,0.1027190332326284
348,0.15483870967741936,0.025974025974025976,0.07096774193548387,0.2701688555347092,0.007532956685499058,0.12007504690431521
349,0.21052631578947367,0.021276595744680854,0.15789473684210525,0.1543026706231454,0.017910447761194027,0.09495548961424333
350,0.21764705882352944,0.05325443786982249,0.11764705882352942,0.11320754716981131,0.0,0.05929919137466307
351,0.1726618705035971,0.021739130434782608,0.08633093525179855,0.2916666666666667,0.027972027972027975,0.1597222222222222
352,0.5888324873096447,0.25,0.5888324873096447,0.28995057660626034,0.029752066115702483,0.13838550247116968
353,0.12972972972972974,0.01092896174863388,0.05405405405405406,0.11176470588235293,0.0,0.07058823529411765
354,0.1547987616099071,0.024922118380062305,0.0804953560371517,0.21794871794871792,0.004291845493562231,0.11538461538461538
355,0.1848341232227488,0.009523809523809523,0.06161137440758294,0.18448637316561844,0.008421052631578947,0.0880503144654088
356,0.25757575757575757,0.07633587786259541,0.16666666666666669,0.2295081967213115,0.01098901098901099,0.12568306010928962
357,0.1910112359550562,0.06818181818181818,0.16853932584269662,0.14285714285714285,0.0,0.0844155844155844
358,0.12751677852348994,0.020270270270270268,0.0738255033557047,0.24086021505376348,0.02159827213822894,0.11612903225806452
359,0.2764227642276423,0.11475409836065573,0.19512195121951217,0.27918781725888325,0.0816326530612245,0.1624365482233502
360,0.1319796954314721,0.030769230769230774,0.1218274111675127,0.17573221757322177,0.025316455696202528,0.10041841004184102
361,0.15384615384615385,0.022099447513812157,0.07692307692307693,0.19620253164556964,0.012738853503184714,0.12025316455696203
362,0.205607476635514,0.03134796238244514,0.07476635514018692,0.21262458471760798,0.006688963210702342,0.1395348837209302
363,0.11152416356877323,0.029962546816479398,0.08921933085501858,0.25327510917030566,0.061403508771929814,0.15283842794759825
364,0.16045845272206305,0.028818443804034578,0.09742120343839542,0.29078014184397166,0.0498220640569395,0.15248226950354613
365,0.2602739726027397,0.07586206896551724,0.14383561643835616,0.11336032388663968,0.0,0.08097165991902834
366,0.14465408805031443,0.02531645569620253,0.0880503144654088,0.27734375,0.0196078431372549,0.1328125
367,0.2636363636363636,0.11009174311926606,0.1909090909090909,0.1977401129943503,0.03977272727272727,0.11864406779661016
368,0.1370967741935484,0.024390243902439025,0.08064516129032258,0.24074074074074073,0.02325581395348837,0.11111111111111112
369,0.15384615384615385,0.029761904761904764,0.09467455621301775,0.27104722792607805,0.020618556701030927,0.12731006160164274
370,0.3111111111111111,0.07667731629392971,0.14603174603174604,0.2857142857142857,0.03143418467583497,0.1487279843444227
371,0.24742268041237112,0.08333333333333331,0.09278350515463918,0.10126582278481013,0.006369426751592357,0.06329113924050633
372,0.12927756653992395,0.007662835249042146,0.08365019011406845,0.19390581717451524,0.0055710306406685246,0.12742382271468142
373,0.21606648199445985,0.04456824512534818,0.14404432132963987,0.0477815699658703,0.0,0.0341296928327645
374,0.23728813559322035,0.0750853242320819,0.14915254237288136,0.2746781115879828,0.04741379310344827,0.12875536480686697
375,0.11527377521613831,0.005797101449275362,0.057636887608069155,0.1276595744680851,0.0071428571428571435,0.0851063829787234
376,0.1459227467811159,0.017316017316017316,0.07725321888412018,0.20399113082039913,0.031180400890868598,0.11973392461197338
377,0.3217391304347826,0.10526315789473685,0.24347826086956523,0.17464788732394368,0.0056657223796034,0.09577464788732394
378,0.21960784313725487,0.06324110671936758,0.09411764705882351,0.17647058823529413,0.02970297029702971,0.11764705882352941
379,0.3539094650205761,0.11618257261410787,0.3127572016460905,0.22916666666666669,0.04712041884816754,0.125
380,0.15527950310559005,0.03125000000000001,0.07453416149068323,0.05839416058394161,0.0,0.0340632603406326
381,0.2185792349726776,0.038461538461538464,0.08743169398907104,0.2037037037037037,0.027906976744186046,0.10185185185185185
382,0.1329305135951662,0.0182370820668693,0.08459214501510573,0.25877192982456143,0.026431718061674006,0.13157894736842105
383,0.28664495114006516,0.09836065573770492,0.15635179153094464,0.22317596566523604,0.01293103448275862,0.12017167381974249
384,0.24210526315789477,0.031914893617021274,0.11578947368421053,0.10695187165775401,0.0,0.06417112299465241
385,0.2333333333333333,0.06040268456375838,0.13333333333333333,0.17796610169491528,0.00851063829787234,0.0847457627118644
386,0.205761316872428,0.008298755186721992,0.10699588477366255,0.23389021479713604,0.033573141486810544,0.14319809069212408
387,0.20454545454545456,0.03816793893129771,0.0909090909090909,0.2772727272727273,0.013698630136986304,0.1181818181818182
388,0.09863013698630137,0.005509641873278237,0.049315068493150684,0.2199170124481328,0.008333333333333335,0.12448132780082986
389,0.06997084548104955,0.011730205278592374,0.0466472303206997,0.20599250936329588,0.026315789473684206,0.12734082397003743
390,0.418848167539267,0.19047619047619044,0.35602094240837695,0.20606060606060606,0.012269938650306749,0.13333333333333336
391,0.2857142857142857,0.08130081300813008,0.1509433962264151,0.2857142857142857,0.03326403326403326,0.14906832298136646
392,0.2510460251046025,0.042194092827004225,0.11715481171548117,0.2446043165467626,0.007246376811594203,0.12949640287769784
393,0.06060606060606061,0.04081632653061225,0.0505050505050505,0.16037735849056603,0.004739336492890995,0.09433962264150944
394,0.1978021978021978,0.06077348066298343,0.12087912087912087,0.3379174852652259,0.0591715976331361,0.16110019646365423
395,0.14615384615384613,0.031007751937984496,0.09230769230769231,0.16933638443935928,0.009195402298850575,0.09153318077803203
396,0.2162162162162162,0.043478260869565216,0.1081081081081081,0.20202020202020204,0.005076142131979695,0.13636363636363635
397,0.19937694704049844,0.04388714733542319,0.12461059190031154,0.18032786885245902,0.0205761316872428,0.11065573770491804
398,0.4064171122994652,0.227027027027027,0.3422459893048128,0.16494845360824742,0.027681660899653977,0.08247422680412371
399,0.15064935064935064,0.010443864229765011,0.06753246753246753,0.1902439024390244,0.009803921568627449,0.11219512195121949
400,0.13636363636363638,0.020304568527918784,0.0707070707070707,0.21568627450980393,0.01574803149606299,0.10980392156862744
401,0.14325068870523416,0.02770083102493075,0.09366391184573002,0.087248322147651,0.0,0.060402684563758385
402,0.22813688212927757,0.03065134099616858,0.10646387832699619,0.26424870466321243,0.036458333333333336,0.13989637305699482
403,0.3436619718309859,0.0679886685552408,0.22535211267605634,0.23728813559322035,0.03977272727272727,0.12994350282485875
404,0.3032258064516129,0.11688311688311688,0.16129032258064518,0.22978723404255322,0.02564102564102564,0.11489361702127661
405,0.10619469026548674,0.026785714285714284,0.05309734513274337,0.05172413793103448,0.0,0.04597701149425287
406,0.17270194986072424,0.022408963585434174,0.07799442896935933,0.30550621669627,0.0392156862745098,0.1349911190053286
407,0.6640926640926641,0.41245136186770426,0.6332046332046332,0.2359882005899705,0.03560830860534125,0.11799410029498525
408,0.29581993569131837,0.09061488673139159,0.25080385852090037,0.2939068100358423,0.028880866425992784,0.17921146953405018
409,0.10052910052910052,0.02127659574468085,0.05291005291005291,0.2310756972111554,0.02,0.12350597609561753
410,0.10112359550561799,0.022598870056497175,0.0449438202247191,0.19230769230769235,0.021052631578947368,0.12237762237762236
411,0.010416666666666666,0.0,0.010416666666666666,0.10204081632653061,0.0,0.08163265306122448
412,0.19791666666666666,0.042105263157894736,0.13541666666666666,0.12121212121212122,0.026200873362445413,0.08658008658008656
413,0.19653179190751444,0.05813953488372092,0.12138728323699423,0.07272727272727272,0.0,0.050909090909090904
414,0.32,0.13709677419354838,0.232,0.21958456973293766,0.011940298507462687,0.11869436201780416
415,0.23870967741935484,0.0779220779220779,0.13548387096774192,0.1922196796338673,0.013793103448275862,0.10526315789473685
416,0.18471337579617836,0.0705128205128205,0.1719745222929936,0.06926406926406925,0.0,0.04329004329004329
417,0.24271844660194172,0.08823529411764705,0.1941747572815534,0.21674876847290642,0.019900497512437814,0.12807881773399016
418,0.09115281501340482,0.01078167115902965,0.05898123324396783,0.16799999999999998,0.004016064257028113,0.09999999999999999
419,0.134185303514377,0.019292604501607715,0.09584664536741214,0.25769230769230766,0.030888030888030885,0.12307692307692307
420,0.1866666666666667,0.06040268456375838,0.07999999999999999,0.13559322033898308,0.008547008547008548,0.07627118644067796
421,0.16296296296296298,0.05223880597014926,0.1037037037037037,0.240174672489083,0.03070175438596491,0.1222707423580786
422,0.350597609561753,0.15261044176706826,0.3107569721115538,0.3152454780361757,0.03636363636363636,0.1343669250645995
423,0.3904382470119521,0.16867469879518074,0.22310756972111553,0.2158273381294964,0.00963855421686747,0.11031175059952038
424,0.14388489208633096,0.014492753623188406,0.07913669064748201,0.2601626016260163,0.03814713896457765,0.14634146341463414
425,0.11695906432748539,0.052941176470588235,0.11695906432748539,0.10491803278688525,0.0,0.07213114754098361
426,0.4796747967479675,0.22950819672131148,0.3170731707317073,0.1702127659574468,0.021390374331550804,0.12765957446808512
427,0.12462908011869435,0.02388059701492537,0.0712166172106825,0.2851485148514852,0.027833001988071565,0.12673267326732673
428,0.31249999999999994,0.10857142857142855,0.2045454545454545,0.14720812182741114,0.015306122448979593,0.08629441624365483
429,0.1640625,0.01574803149606299,0.10937499999999999,0.19999999999999998,0.04494382022471911,0.14444444444444443
430,0.19161676646706588,0.06626506024096386,0.10778443113772455,0.20155038759689922,0.02334630350194553,0.0930232558139535
431,0.17791411042944785,0.02469135802469136,0.07975460122699388,0.2630480167014614,0.025157232704402517,0.10855949895615866
432,0.25333333333333335,0.0738255033557047,0.09999999999999999,0.19920318725099603,0.0321285140562249,0.1195219123505976
433,0.30721003134796243,0.1135646687697161,0.16300940438871475,0.12075471698113208,0.01520912547528517,0.09056603773584906
434,0.36893203883495146,0.18892508143322478,0.3171521035598705,0.20849420849420852,0.023346303501945526,0.12355212355212356
435,0.3217391304347826,0.08771929824561403,0.1826086956521739,0.23437499999999997,0.05511811023622047,0.140625
436,0.09688581314878894,0.006968641114982578,0.06920415224913495,0.14173228346456693,0.0,0.07086614173228346
437,0.2568306010928962,0.1208791208791209,0.1366120218579235,0.18823529411764706,0.03309692671394799,0.09411764705882353
438,0.2127659574468085,0.03058103975535168,0.12158054711246198,0.13013698630136986,0.0,0.0821917808219178
439,0.27027027027027023,0.09876543209876543,0.17199017199017197,0.3872113676731794,0.04278074866310161,0.14209591474245117
440,0.11142061281337047,0.022408963585434177,0.08913649025069638,0.28125,0.023529411764705885,0.13671875000000003
441,0.15335463258785945,0.01929260450160772,0.08306709265175719,0.20179372197309414,0.0045045045045045045,0.10313901345291482
442,0.18181818181818182,0.026143790849673203,0.1038961038961039,0.3006134969325153,0.043209876543209874,0.15337423312883436
443,0.20168067226890757,0.08474576271186442,0.10924369747899161,0.24933687002652521,0.05333333333333333,0.14323607427055704
444,0.11188811188811189,0.007042253521126761,0.06993006993006992,0.11023622047244094,0.005277044854881267,0.06299212598425198
445,0.18238993710691825,0.044303797468354424,0.10691823899371068,0.24032586558044808,0.008179959100204498,0.11812627291242364
446,0.11014492753623187,0.023323615160349857,0.06376811594202898,0.24340770791075053,0.024439918533604887,0.11764705882352941
447,0.20338983050847456,0.05128205128205129,0.11016949152542374,0.2156862745098039,0.039473684210526314,0.11764705882352941
448,0.21505376344086022,0.10869565217391304,0.16129032258064516,0.13793103448275862,0.011627906976744186,0.08045977011494253
449,0.3166023166023166,0.14785992217898833,0.1467181467181467,0.17857142857142858,0.015384615384615384,0.09183673469387756
450,0.13953488372093023,0.006688963210702341,0.09302325581395349,0.14761904761904762,0.0,0.09047619047619047
451,0.1739130434782609,0.043715846994535526,0.10869565217391304,0.2920892494929006,0.032586558044806514,0.12981744421906694
452,0.1103448275862069,0.02777777777777778,0.05517241379310345,0.19195046439628483,0.024922118380062305,0.11764705882352941
453,0.2571428571428572,0.05755395683453237,0.1357142857142857,0.26344086021505375,0.021621621621621623,0.12365591397849461
454,0.12602739726027398,0.022038567493112945,0.06027397260273973,0.3215686274509804,0.01968503937007874,0.14901960784313725
455,0.26395939086294423,0.10256410256410256,0.21319796954314724,0.10966057441253262,0.005249343832020998,0.057441253263707574
456,0.1377049180327869,0.039603960396039604,0.0983606557377049,0.2986247544204322,0.07495069033530573,0.17681728880157171
457,0.25751072961373395,0.12121212121212123,0.1630901287553648,0.1568627450980392,0.019736842105263157,0.11111111111111112
458,0.41258741258741255,0.32394366197183094,0.3636363636363637,0.20792079207920794,0.014925373134328356,0.11881188118811882
459,0.12903225806451615,0.0058997050147492625,0.07038123167155426,0.24,0.025125628140703515,0.12499999999999997
460,0.30730478589420657,0.0911392405063291,0.14609571788413098,0.30202578268876606,0.022181146025878003,0.143646408839779
461,0.1907356948228883,0.038356164383561646,0.10899182561307902,0.20318725099601595,0.016,0.12749003984063745
462,0.21522309711286086,0.05804749340369392,0.12598425196850394,0.2947368421052632,0.0507399577167019,0.18105263157894738
463,0.0959409594095941,0.007434944237918216,0.03690036900369004,0.21943573667711597,0.03154574132492113,0.12539184952978058
464,0.3710144927536232,0.13994169096209913,0.3072463768115942,0.2492581602373887,0.03582089552238806,0.1602373887240356
465,0.24415584415584415,0.03655352480417754,0.12467532467532468,0.27177700348432055,0.02097902097902098,0.11846689895470383
466,0.11309523809523811,0.017964071856287425,0.06547619047619048,0.09302325581395349,0.013377926421404682,0.08637873754152825
467,0.12918660287081338,0.009615384615384616,0.05741626794258373,0.2413162705667276,0.029357798165137616,0.12797074954296161
468,0.3343653250773994,0.14953271028037382,0.17956656346749225,0.21875,0.0,0.10267857142857144
469,0.2266009852216749,0.024752475247524754,0.10837438423645321,0.12565445026178013,0.0,0.08376963350785341
470,0.20833333333333334,0.06722689075630252,0.16666666666666666,0.21311475409836067,0.021978021978021976,0.1092896174863388
471,0.12151898734177216,0.045801526717557245,0.06582278481012657,0.10591900311526481,0.012539184952978056,0.07476635514018692
472,0.5302325581395348,0.3004694835680751,0.5302325581395348,0.2188449848024316,0.012232415902140675,0.11550151975683892
473,0.20754716981132074,0.03164556962025317,0.1069182389937107,0.29141716566866266,0.044088176352705406,0.1397205588822355
474,0.20947630922693264,0.06516290726817042,0.14962593516209474,0.13953488372093023,0.005194805194805195,0.09302325581395349
475,0.38795986622073575,0.16161616161616163,0.22742474916387959,0.19491525423728812,0.012765957446808512,0.10593220338983052
476,0.11522633744855966,0.033195020746887974,0.0823045267489712,0.22580645161290322,0.05434782608695652,0.13978494623655913
477,0.06976744186046512,0.011764705882352941,0.058139534883720936,0.08637873754152824,0.0,0.059800664451827246
478,0.15111111111111108,0.053811659192825115,0.10666666666666667,0.20887728459530028,0.010498687664041995,0.09921671018276763
479,0.14361702127659576,0.0427807486631016,0.06914893617021275,0.2938053097345133,0.05328596802841919,0.1486725663716814
480,0.14634146341463417,0.03680981595092025,0.06097560975609756,0.12008281573498965,0.0,0.07453416149068323
481,0.1723076923076923,0.006191950464396285,0.10461538461538462,0.15811965811965814,0.004291845493562232,0.09401709401709403
482,0.17049180327868854,0.033003300330033,0.07213114754098361,0.24110671936758896,0.011904761904761906,0.11462450592885376
483,0.3257328990228013,0.05901639344262295,0.17589576547231273,0.19047619047619052,0.017467248908296942,0.11255411255411255
484,0.20606060606060606,0.048780487804878044,0.11515151515151516,0.27790432801822323,0.02288329519450801,0.1184510250569476
485,0.2215568862275449,0.06024096385542168,0.11377245508982037,0.25346534653465347,0.03578528827037773,0.13465346534653463
486,0.15135135135135136,0.010869565217391304,0.07027027027027027,0.25,0.01792114695340502,0.13214285714285715
487,0.33870967741935487,0.14634146341463417,0.24193548387096775,0.13818181818181818,0.0,0.08727272727272727
488,0.24242424242424243,0.027700831024930747,0.1046831955922865,0.016064257028112452,0.0,0.016064257028112452
489,0.178343949044586,0.06410256410256411,0.1273885350318471,0.26285714285714284,0.02294455066921606,0.15238095238095237
490,0.24669603524229075,0.08888888888888889,0.14977973568281938,0.16091954022988506,0.0115606936416185,0.07471264367816093
491,0.35514018691588783,0.19811320754716982,0.2616822429906542,0.1812688821752266,0.018237082066869303,0.10876132930513595
492,0.1397058823529412,0.014814814814814815,0.08088235294117647,0.1925925925925926,0.024813895781637715,0.08888888888888889
493,0.07563025210084033,0.0,0.04201680672268908,0.08860759493670886,0.0,0.06329113924050633
494,0.1769041769041769,0.06419753086419754,0.09336609336609336,0.0855614973262032,0.0,0.06417112299465241
495,0.22222222222222224,0.07468879668049791,0.15637860082304525,0.2365591397849462,0.043243243243243246,0.12365591397849462
496,0.16216216216216214,0.04081632653061224,0.08108108108108107,0.29425287356321833,0.02771362586605081,0.12873563218390804
497,0.27807486631016043,0.14054054054054055,0.21390374331550804,0.0989010989010989,0.0,0.0879120879120879
498,0.21926910299003327,0.05351170568561873,0.13953488372093023,0.07729468599033816,0.00975609756097561,0.0676328502415459
499,0.19636363636363635,0.029304029304029307,0.08727272727272727,0.2025862068965517,0.012987012987012988,0.12068965517241378
500,0.08945686900958466,0.012861736334405145,0.04472843450479233,0.05555555555555555,0.0,0.0462962962962963
